reviewId,userName,userImage,content,rating,thumbsUpCount,en_content,Funtionality,User Experience,Performance,Customer Support,Subscription,Feature Request
4425b61c-88b3-408d-9ff1-51971ca96c1f,Anant Malik,https://play-lh.googleusercontent.com/a-/AFdZucqHoWsJ7J9MGe3Eltgk050ftu4gBWiEN8CASN5mKQ,This is the best app I ever had in terms of English vocabulary. You should try it.,5,9,This is the best app I ever had in terms of English vocabulary. You should try it.,1,0,0,0,0,0
a9b0ecd3-07d5-42bf-b742-113a604583bd,Saroj kumar Yadav,https://play-lh.googleusercontent.com/a/AItbvmkOMbRLNEGOQgXqlpsuKXQro3bIzg2FpHhorq1C=mo,Very useful app,1,0,Very useful app,0,1,0,0,0,0
11dd1769-74e5-4526-a333-98874dda2601,Parmanand Kumar,https://play-lh.googleusercontent.com/a/AItbvmn5NOYQVO6KohjQa7ZrR6PYBxTjT3DpUCwgOY2g=mo,super app nice to learn,5,0,super app nice to learn,1,0,0,0,0,0
e9e31387-d382-4a18-9e76-7035f439da60,Ram Kumar39,https://play-lh.googleusercontent.com/a/AItbvmmnY-96H0B7t0UItwO-JTZkr0VlB7CZaElcVeW3=mo,Very bad not to useful,1,0,Very bad not to useful,0,1,0,0,0,0
f9c533bb-1596-4cf4-9c2b-c6217bc64f41,golli gonmei,https://play-lh.googleusercontent.com/a/AItbvmmg0NuSYK8alAL0sjYhjAbjdIdEPszZ7jvAeB_R=mo,"It's a good app,it helps me alot but itneeds some improvement?",4,3,"It's a good app,it helps me alot but itneeds some improvement?",0,1,1,1,0,0
5192d135-78e6-4dae-b5af-d86fd4abef9d,Tejender Singh Panwar,https://play-lh.googleusercontent.com/a-/AFdZucopZIhQaZ0J6Ztrul7Jq7zNKWDGDaBY2SsgoktT_RU,Very helpful love this aap,5,0,Very helpful love this aap,0,1,0,0,0,0
fdf9e272-4de5-4c03-b5f9-2403caf4c5f8,Arvind Goswami Arvind Goswami,https://play-lh.googleusercontent.com/a/AItbvmkkHvISxeWiLi0lvPV433Pse7htCIwOP6615tJM=mo,?? ?? ?? ??? ?? ??? ?????? ?? ???? ????? ????? ??? ????? ?? ??? ?? ??? ?? ???? ??????? ?? ?? ??? ?? ???? ?????? ?? ?? ??? ?? ???? ??????? ?????? ????? ??,5,281,Sir this app should also have a function to find which word is singular and which word is plural and which word is both singular plural,0,0,0,0,0,1
7b541964-876d-482c-be2a-80a70ba9298a,Archana kumari,https://play-lh.googleusercontent.com/a/AItbvmm976Xr-O9rRxSq3Cdg33c-rQ4uM8Gu0Ch6p4cJ=mo,This app is very useful,5,0,This app is very useful,0,1,0,0,0,0
8aaf056f-1e72-46e9-aac8-c884925de4e9,Rijwan Shaikh,https://play-lh.googleusercontent.com/a-/AFdZuco8bfcxk5ihOL2hgk7uBFBN6zxAiNfOy0KvwAVc,Easy learning English to hindi,5,5,Easy learning English to hindi,1,0,0,0,0,0
a803627f-6a74-4f34-bfe4-1eb3ff5eca7b,Sapna Parmar,https://play-lh.googleusercontent.com/a/AItbvmm1QsHGkFzczWzrg4WyG0LokKdmD9cjfC-CwG90=mo,This app very helpful ????,5,0,This app very helpful ????,0,1,0,0,0,0
ba8a0e13-cb2e-4a6b-bfb5-4e4b20315426,Nageswrao t,https://play-lh.googleusercontent.com/a/AItbvmmqEYWrUEfXoQItnGOfOJJlZHc_-HwiV4-cTehI=mo,All are good in this app,5,0,All are good in this app,1,1,1,0,0,0
0ee7c4f4-fec8-4892-9a50-c0f57a1ee1c4,Durgesh Rawal,https://play-lh.googleusercontent.com/a-/AFdZucpv-tcXbGBrlBaeZ75zDtGJ1F89yZ7SXjBpL8nJ,This is a very fantastic one and very helpful apps,5,4,This is a very fantastic one and very helpful apps,0,1,0,0,0,0
2548533a-9094-43a4-abbe-b0b309ec9d1a,Nitish Kumar,https://play-lh.googleusercontent.com/a-/AFdZucqbFFNIbXCCHBjpuBgGV-v3dm9NUOl7p9LR6t27,Nice app for learn english,3,0,Nice app for learn english,1,0,0,0,0,0
b15cfa67-315f-4b65-b48c-3ca8fc4b87e0,Rizwan Shekh,https://play-lh.googleusercontent.com/a/AItbvmkN1alSAsWAhkmsPFSMtdNuxUQ_HbULI8x4FuWq=mo,Hindi English,2,0,Not English,1,0,0,0,0,0
334a47d2-9dbb-4f61-8e7f-6c0ca8ae2796,Pranay Sawant,https://play-lh.googleusercontent.com/a/AItbvmkAxom1uVLNizhJaRSbUklXJCWHclcPTkoMX8mh=mo,This application is very helpful to learn English,5,5,This application is very helpful to learn English,1,0,0,0,0,0
9b6c584c-c504-4eea-8839-e09bf4c94420,Vasila Taskeen,https://play-lh.googleusercontent.com/a/AItbvmm4kk-PrArs_5LV1jgiQebpWDaqr6NKSPHIiZ5r=mo,Helpful to study,5,0,Helpful to study,1,1,0,0,0,0
d8384615-0c39-4b50-88af-b2ca93c91c51,Vivek Kunwar,https://play-lh.googleusercontent.com/a-/AFdZucoRLzaNOrWC6KI5UuUrFkW6bg8PghB3yzLJiL5U,Good app for learners,4,0,Good app for learners,1,0,0,0,0,0
1d3d2173-bdb6-4e96-89c4-981390a9165f,Mrs Tanzeema,https://play-lh.googleusercontent.com/a-/AFdZucoSWA8P8wc5q94ymOMnChdK-ty8AUbXJFe67QT4Nw,Speak very fast,1,0,Speak very fast,1,0,1,1,0,0
a8584953-2b18-4b21-8525-0680f4302870,Apollo Meetei,https://play-lh.googleusercontent.com/a-/AFdZucrzjAHtAiSFjujDqWsQp8bspRKE_zlEYYc-pNtQLw,Great app but need to be improved more cuz some words are missing..,5,6,Great app but need to be improved more cuz some words are missing..,1,0,0,0,0,1
e9c0a950-2731-42a4-a634-a27a935d9791,Ankit Kumar,https://play-lh.googleusercontent.com/a-/AFdZuco-Ym9RGSmkx_oYuIW4859gLBuwNzbkERaWTvz0T2g,Explained very well ? thankyou ?? @hindi English...,5,2,Explained very well ? thankyou ?? @hindi English...,1,0,0,1,0,0
b246a8f7-8b2d-4eda-b36c-37713fe8a60f,Madhu Sharma,https://play-lh.googleusercontent.com/a-/AFdZuco2PFMWU4xXY7suClWR1xtfZ3-AJzLoGrCBtp3G,Best English plus Hindi,5,0,Best English plus Hindi,1,0,0,0,0,0
bcd8fab8-604e-4fcd-ba3f-06ea802d68f4,Ashish Kumar,https://play-lh.googleusercontent.com/a-/AFdZucr7YmRfmdH7G3z5HCmE1ryV2E3utwDOXlCYG8yk0w,Nice dictionary install this app now he is perfect on all Android phone so please install now,5,3,Nice dictionary install this app now he is perfect on all Android phone so please install now,1,0,0,0,0,0
80c41a27-9092-46c3-8a61-6fdabdd2beaa,Anushka Kanwar,https://play-lh.googleusercontent.com/a-/AFdZucqXB1ls6W-IacGrccaDykIIfEWfa5yb2Y2nA0nlfQ,This app is very use for me I want that you also use this app,5,0,This app is very use for me I want that you also use this app,0,1,0,0,0,0
4203ecb0-dc83-4e67-bd61-6ad5c882891d,Anis Shaikh,https://play-lh.googleusercontent.com/a/AItbvmk0xTTXkInuTd0PsI60JqWD-T48gm812U3UiE-x=mo,It is a best translator app,1,0,It is a best translator app,1,0,0,0,0,0
a3d85e9c-ed7a-455c-ba25-f518381b48bf,Aman aary,https://play-lh.googleusercontent.com/a/AItbvmlvWvezMUeR5XYQiNaIwaA0notUptg97eUERPuW=mo,This app is not good so don't be waste your mb for fake app that's why time passing app,1,7,This app is not good so don't be waste your mb for fake app that's why time passing app,0,1,1,0,0,0
7ef57f4b-4954-403e-a2ae-636b0d2d4d1c,Navin Singh,https://play-lh.googleusercontent.com/a/AItbvmneXC8hgCLX-aFZdUbOs6-NoKlB8P7a49oWLYWn=mo,Nice bahoot he aach app hai isse mai bahoot chig Sikh raha hoo,1,0,"Nice is a very good app, I am learning a lot from this",1,0,0,0,0,0
2b3087e4-3e17-455c-8223-8cfa09e0c2c6,Raj Mukund,https://play-lh.googleusercontent.com/a-/AFdZucoMxSLXBuhDXGKU1L9FbETFWsaclIXNEHx7-mIvlw,How much this translation app?,4,1,How much this translation app?,0,0,0,1,1,0
4bc09e92-4e75-4e6b-8c2c-4654ee7501c6,Vinod Jha,https://play-lh.googleusercontent.com/a-/AFdZucpsWnUtgxbcAhQM267DJq6fmeeRN-rfH48o0eHBPg,Good result,5,0,Good result,0,0,1,0,0,0
1e5791ce-0530-44fa-b7a9-5a7667ae4e4c,Suraj Bhuriya,https://play-lh.googleusercontent.com/a-/AFdZucoBxOs_PycvRGRtKS9hT7MkxtuVgiod8TSetnk_,Bahut achcha apps hai aur hamen koi bhi dikkat Nahin Hai acche se,5,0,Very good app and we don't have any problem,0,0,1,0,0,0
0ae513f0-812c-4201-a940-230a2053a326,usha devi,https://play-lh.googleusercontent.com/a-/AFdZucpB6aYIiIqwthroMvNoeRGPznC6LdA5uU5pFPAoCQ,Hello sir matlab kuchh bhi ye app mere mobile me kam kyo nahi kar raha hai? Ans me,1,0,Hello sir i mean anything why this app is not working in my mobile? in breath,1,0,0,0,0,1
f00d8368-8b30-4e5b-abc8-e2e68b70c468,Priya,https://play-lh.googleusercontent.com/a/AItbvmmUKp3dZxpbkhWZ1QIystaIqHRH8ecMp__LcuCb=mo,Bilkul bekar aap hai,2,0,you are totally useless,0,1,0,0,0,0
b70b8b78-4db1-41f3-9a8b-bfa951f442fe,"THANKS FOR WATCHING 10,MILLIONS PEOPLE",https://play-lh.googleusercontent.com/a-/AFdZuconkToeMP1oy0ngobcWz31R67hJRxQ7g-zw-BBH,thanks so much learn English you are great application i like it love you learn app guys this application is the best learn english so just downloads ???? ??? ?? ?? ??????? ????? ????? ?? ?? ????????????,5,8,thanks so much learn english you are great application i like it love you learn app guys this application is the best learn english so just downloads if you also want to learn english then,1,0,0,0,0,0
7810c07b-6af0-49a1-8bb8-0bd228d03ac0,Shambhu Sharma,https://play-lh.googleusercontent.com/a/AItbvmmF4wZV6iIOFycIpNSHCJtjw-KbxtDiDkk4svB4=mo,Achha hai app this is the best of app Hindi to English language like,1,0,Achha hai app this is the best of app Hindi to English language like,1,0,0,0,0,0
1d2a10a0-a9d6-485d-bd17-12af0ca29778,Madan Singh,https://play-lh.googleusercontent.com/a-/AFdZucrfIC5zhA38P2cuSKBJQlNcOyJPwKovAR3Fmhgq8rI,Not correct,1,0,Not correct,1,0,1,0,0,0
14e62355-3363-414c-80df-c811c16ecd12,Karan shah,https://play-lh.googleusercontent.com/a-/AFdZucoqT5MwRZw1kJpSyDVqAdC5UoMTK0EqwZ_K5iVkQg,This is a nice app to learn English l am very happy,5,2,This is a nice app to learn English l am very happy,1,0,0,0,0,0
74522329-e51e-497d-b58c-8fcaac6c5ee3,Gavish Varshney,https://play-lh.googleusercontent.com/a/AItbvmljYsMV8-bEOF-FVE0WR0Bdvf0kDrna4PbRMma2=mo,Best app to start learning english,5,4,Best app to start learning english,1,0,0,0,0,0
04f325bc-d7b7-4598-983a-c935284b6ee2,HEMRAJ Nimje,https://play-lh.googleusercontent.com/a-/AFdZucpfnB6bQGp48Tg8Ua2uVPMWqHxeqWIzFS7A-4VD,This app is so best for children ro elders,5,0,This app is so best for children to elders,1,1,0,0,0,0
2aaf63d8-d2d9-4091-8f47-f2deef4220ef,Ashish Uikey,https://play-lh.googleusercontent.com/a/AItbvmn3Ml4mcyv4jMrqdemrvpsqmLa1YdmYHJxVauVn=mo,Speaker is not good for this app,1,1,Speaker is not good for this app,1,1,0,0,0,0
b229cb77-d424-4624-860f-8955dbe6f90d,Avinash Yadav,https://play-lh.googleusercontent.com/a-/AFdZucrV2mORyFTRY7zZnPp7IrOu7yPyzU5Vj-lLl016wg,App is good ? but please provide offline search.Withot internet it's not working,5,6,App is good ? but please provide offline search.Without internet it's not working,0,0,0,0,0,1
673d987c-103d-41c3-aa16-57e3e96aa28b,Vivek Obrio,https://play-lh.googleusercontent.com/a/AItbvmkEmcyFKH3YodW1-T2mVhoZZI1QOsaVIrfQ8Vey=mo,"This App Is Very Useful For Learning, All Facilities Is Available.",5,6,"This App Is Very Useful For Learning, All Facilities Is Available.",1,0,0,0,0,0
579e3bb2-9e1c-4838-a5a7-aaea73cdcb0a,Seethalapu Suman,https://play-lh.googleusercontent.com/a/AItbvmmkWMY2pJ3paWzmXeES_JmI93I3lwGGLNegScu0=mo,I'm very poor in Hindi but it is helpful to me very thanks bro you're great bro,5,3,I'm very poor in Hindi but it is helpful to me very thanks bro you're great bro,1,0,0,0,0,0
7e4d71e8-cf14-4681-aa6b-1d90c6294fc1,Gurpreet Kaur,https://play-lh.googleusercontent.com/a/AItbvmnreTJ4LzghNMIor_tTd2uiIbzWcfgDr54y5sfo=mo,This app is very boring and unuseful app it is mad app who started this app the person is very pagal?????????????????????????????????????????????????????????????????????????????????????????????????????????????????????????????????????????????????????????????????????????????????????????????????????????????????,1,0,This app is very boring and unuseful app it is mad app who started this app the person is very pagal?,1,1,0,0,0,0
c5318a0c-68c2-4fcf-baf4-d9febb2f62bb,Tanveer Singh04,https://play-lh.googleusercontent.com/a/AItbvmnTUmNOPP3aXXxhYDszNPoc98uikLoFz5doZBc3=mo,Great app helping me so much now i can read novels easily ?,5,5,Great app helping me so much now i can read novels easily ?,1,1,0,0,0,0
6fc967e9-36c1-4ea2-a3f7-1ba092624064,Vinod Sharma,https://play-lh.googleusercontent.com/a-/AFdZucox4WFqfv2UYa_fV1v2Qz0EGuMOqdYeKYNBp2D1sA,Happy is very good nice performance ?,5,0,Happy is very good nice performance ?,0,0,1,0,0,0
86997222-688f-46b1-9a42-9be488173649,Irfan Abbas,https://play-lh.googleusercontent.com/a-/AFdZucrJyFt5uafB_2f9MRx4QG_boWdakqHUjuKMw_qk,Better than other app,4,0,Better than other app,1,1,1,0,0,0
b45782cd-5b21-4d81-bd13-83a8ee9a9287,Saurav Negi,https://play-lh.googleusercontent.com/a-/AFdZucobf4ZFp9O-RdEia-7nVhI0whkpNHC9sykC1GyJ4xU,I don't like this aap it is so slow don't download this aap this aap take so many time to opening ?????,1,0,I don't like this aap it is so slow don't download this aap this aap take so many time to opening ?????,0,0,1,0,0,0
efdd52f3-91fb-4501-aacd-f39368da853f,Digital Guruji ckm,https://play-lh.googleusercontent.com/a-/AFdZucotkx-sIG_rN2i1ORsDLh26nSAHNVT1nlybCKl0wac,Good app for Learning English...,5,0,Good app for Learning English...,1,0,0,0,0,0
3b4b1458-a5ae-40ad-89c4-1498c1144500,Ankit Kumar,https://play-lh.googleusercontent.com/a/AItbvmloRZiXoI2TfU2k5RbuHtv8n-Bw69xqbO6cK98R=mo,Best but more ads,5,2,Best but more ads,0,1,0,0,0,0
ca69d7dc-7c45-4049-b215-7a6c7119a7ef,Aditi Sharma,https://play-lh.googleusercontent.com/a/AItbvmm59t0TF_rgpcuvSiZhTWg9PJEXT73v21yhmLJY=mo,Worst english translator,1,0,Worst english translator,1,0,0,0,0,0
9cff15c8-52bf-4d60-9f01-b04e36cbf82b,ANUP KUMAR,https://play-lh.googleusercontent.com/a-/AFdZucocFFc6bOW2dqDAhRM1082PS3dPrIVHYWSGiAFSjQ,Nice Because this app helping for learn English,5,1,Nice Because this app helping for learn English,1,0,0,0,0,0
acf11feb-d690-4b0f-acc6-054e29c9ada3,Aditi Sarkar,https://play-lh.googleusercontent.com/a-/AFdZucrmqW1y3SWJqFjR7ZXJg9kFirV4tZKOjQfavZw6,"I had no options when I had to translate languages from English to Hindi, by one tap i searched for a translator and hence I chose this aap...and as per experiences with using apps, this came to be a nice one. The first tap was the best tap.?",5,1123,"I had no options when I had to translate languages from English to Hindi, by one tap i searched for a translator and hence I chose this aap...and as per experiences with using apps, this came to be a nice one. The first tap was the best tap.?",1,1,0,0,0,0
1fa548fe-21e9-4730-b6c7-607f31f7f042,Nilesh Singh,https://play-lh.googleusercontent.com/a/AItbvmmpc5ZmfeF_ZZtrLIFu_tUxkl94_WAyilrFxgxG=mo,Very good app on Hindi to English,5,0,Very good app on Hindi to English,1,0,0,0,0,0
d0eaaed1-8daa-434e-9c97-a1ed12c6d04a,Rahul Kumar Soni,https://play-lh.googleusercontent.com/a-/AFdZucqv_VfggtoVoMyIEiOmhMcffDpKdttWsnebjDaq4g,This app is very useful for student,5,1,This app is very useful for student,1,0,0,0,0,0
fbcf67ac-c949-44fb-b90a-f41aec045971,Aarif kathat,https://play-lh.googleusercontent.com/a/AItbvmmLeAyCwMR0ymS_kzvt7HrlI18V9rpaz-Xo3VyR=mo,This app is very helpful app.you can offline translate.,5,4,This app is very helpful app.you can offline translate.,1,1,0,0,0,0
a2545ea3-55c7-420a-ad85-75b0f903b0e8,Nasreen Shahid,https://play-lh.googleusercontent.com/a-/AFdZucq-xVv4TmVuQfp1-GR517H01NHywKbC5HEyl8od,It's very knowledgeable,5,1,It's very knowledgeable,1,0,0,0,0,0
0d25941f-2184-43ed-a954-bb737fc05883,Harjeet Singh,https://play-lh.googleusercontent.com/a/AItbvmnYygULnxLlvWHPvbhO-hY-Maj7TTac5MsnDZP2=mo,Good service,5,0,Good service,0,0,0,1,0,0
7b70ccbe-985c-460b-b089-34c137a0e7d8,Sugan Vk,https://play-lh.googleusercontent.com/a/AItbvmm3rrhIwDCKHvoQK8ljeRhp5OelSDjHGZeaeBAY=mo,Good. Easy to learn if we try hard,5,4,Good. Easy to learn if we try hard,0,1,0,0,0,0
7c82fa8e-b304-4977-8af1-e67a9727918b,Kiran Yadav,https://play-lh.googleusercontent.com/a/AItbvmny3ZJKntuxsh4-z_M2yFJ8ZUlVSh-KJq_OT7Yx=mo,Good experience ?,5,0,Good experience ?,0,1,0,0,0,0
49c2451c-8c90-48df-9802-52eaf653bb4b,piyush singh,https://play-lh.googleusercontent.com/a/AItbvmnQ1BZc9XLeSVeXXZHOQx9lK4-D8wLUyfD-QEJK=mo,This is amazing app for student. Iloved it!,5,2,This is amazing apps for students. I Loved it!,1,1,0,0,0,0
beab2876-81b3-41cd-b01a-f9ed051fd24b,Sundarraj Punithavathi,https://play-lh.googleusercontent.com/a-/AFdZucqvgVUtj5NoH-EhbvDXg1gx_3tFNTLzoSjHAKzELw,Very good app for people who don't know Hindi or English.It helps a lot with my studies and Hindi projects. I downloaded this app because I don't know Hindi.???????????????????????,5,12,Very good app for people who don't know Hindi or English.It helps a lot with my studies and Hindi projects. I downloaded this app because I don't know Hindi.???????????????????????,1,0,0,0,0,0
f9590225-1bc4-4035-b9db-c281663662e3,Savita Sharma,https://play-lh.googleusercontent.com/a/AItbvmld07NRXamQs_YLQKzXaDZI2vu-1Vg2DzYNLDmY=mo,Nice app great experience very easy to use & helpfull,5,0,Nice app great experience very easy to use & helpfull,0,1,0,0,0,0
cd1f0c1b-49b4-42dc-bc33-2bbd65bb1f17,Gudiya Alok,https://play-lh.googleusercontent.com/a/AItbvmnmw0pUqBw2zrUrYWfq_nKaNy1xdFSA9YyK0ZfR=mo,English to Hindi translation,5,0,English to Hindi translation,1,0,0,0,0,0
5f291b22-d2ed-4022-bdda-9f87087b89f3,Pankaj kushwaha,https://play-lh.googleusercontent.com/a/AItbvmnpq04pvOs-kv-G7rCzgKdzBJJHRzm54vtNkLBP=mo,???? ?? ?????? ?? ?? ????? ?? ??? ?? ??????? ??? ????? ????? ??? ??? ???? ???,5,276,"This is a very good app, in this you can understand anything in Hindi by speaking in English.",1,0,0,0,0,0
7d7aa37f-cce6-49a4-83e0-2eab0ac150b7,Shabana Bano,https://play-lh.googleusercontent.com/a/AItbvmmqzeiBazu10djpBIVXVdcM2apkYyCNjp3Dqj7i=mo,I learn English easily with the help of English to Hindi App,5,4,I learn English easily with the help of English to Hindi App,1,0,0,0,0,0
e3cb0e58-0797-4b64-b901-bb531687df4e,M Alam,https://play-lh.googleusercontent.com/a/AItbvml3oCPWGl1pSBqo2yDxbuO3AyzICX-5cvich6in=mo,Great app appreciate it I being a learning app developer loved its functionality Good job,5,0,Great app appreciate it I being a learning app developer loved its functionality Good job,1,0,0,0,0,0
182697a1-9ed8-4e21-b332-5051bacf60ca,Vijendra Kumar Saini,https://play-lh.googleusercontent.com/a-/AFdZuco1Ud2s1IV3BBhyGr_S7wkn1qoHFpRtUBNZU7kjOw,This is a very useful app for understanding English,5,4,This is a very useful app for understanding English,1,0,0,0,0,0
00967a1c-3e43-4542-89c7-595ee9f32430,Ramnarayen Singh lodhi,https://play-lh.googleusercontent.com/a/AItbvmkwFgOpls4OJguYU8HOp3U0SGpTY58OGZL6nTlz=mo,"I impressed by this Dictionary app and suggest to my aged friends regarding this is very essential app. As I am an old man 79 years of age becoming very happy, because I am only matriculated with Hindi medium in 1962. Thanks to the app.",5,0,"I impressed by this Dictionary app and suggest to my aged friends regarding this is very essential app. As I am an old man 79 years of age becoming very happy, because I am only matriculated with Hindi medium in 1962. Thanks to the app.",1,0,0,0,0,0
3e86111d-f0fc-460e-a0d4-a6cdbc53bf37,Dharmraj Shriwas,https://play-lh.googleusercontent.com/a/AItbvmlIGbcprXMH6Yu0cFkTQ_U5AypCOQ8WVCUYZZCs=mo,Download nhi ho rha hai,1,1,not downloading,0,0,1,1,0,0
5ca40410-eacd-41fa-877a-a85b45aa1232,Siya Dhoni,https://play-lh.googleusercontent.com/a/AItbvmmXg1Tu9ElEY7UGf8ekV9DQTchY4CmY3Sh4m7ug=mo,"It is good app. In this app you can learn English, translate english to hindi or other languages also,this app gives you 40 days of package to learn English, dictionary also and last good app to improve your English........??????",4,231,"It is good app. In this app you can learn English, translate english to hindi or other languages also,this app gives you 40 days of package to learn English, dictionary also and last good app to improve your English........??????",1,0,0,0,0,0
d9f5fca7-1711-4f9e-af52-36b938265d40,Jaya Shukla,https://play-lh.googleusercontent.com/a/AItbvmlHozvyUov7WhTLnnRAhivNFBnSyPZ57EJFzjG_=mo,This is very good app for learning I improve my english and thanks for this app,5,5,This is very good app for learning I improve my english and thanks for this app,1,0,0,0,0,0
18159ec3-db5b-4656-b692-23e4e79c431b,jyoti sharma,https://play-lh.googleusercontent.com/a/AItbvmnGpCZCHEwBR778AUs3ShsU6nvHi5K4hS0QKaXz=mo,This is a great choice word meaning app?????,5,3,This is a great choice word meaning app?????,1,0,0,0,0,0
0a85f747-b1e6-4aa9-aae4-7d42045cc104,parth tagade,https://play-lh.googleusercontent.com/a/AItbvmkk9gInAW3uirLzxQwP84Tr04Z1QmW8vyQ2Dq2X=mo,its very nice for school work..,3,3,its very nice for school work..,1,0,0,0,0,0
3d7b3b9d-0612-438d-a6a4-e0720241386d,TV Star,https://play-lh.googleusercontent.com/a-/AFdZucoly6xIQu98D9uW6f9TWQKR5NRDHrDUa2PRBVdR,Amazing app we can easily learn total step about how to talk in english nice we can see there was in total deep notes,5,11,Amazing app we can easily learn total step about how to talk in english nice we can see there was in total deep notes,1,1,0,0,0,0
df07def6-34a0-406c-88df-7d8444d07598,gulshan Kumar,https://play-lh.googleusercontent.com/a-/AFdZucrJmoCNIU4E-MOZ2en9-7BeDeEd-I2vWptZY7_w1Q,This app is so good to translate english to hindi I like this app very much,4,0,This app is so good to translate english to hindi I like this app very much,1,0,0,0,0,0
97508d92-cc6f-471d-9f34-bab7bbe71478,Pallavi Poul,https://play-lh.googleusercontent.com/a/AItbvmmTsdp7rheAsop-VamJmK1VmMr0N-4lMJMEIQMJ=mo,It's very good app. And we can learn English in this app.you all download this app and learn English.,4,9,It's very good app. And we can learn English in this app.you all download this app and learn English.,1,0,0,0,0,0
e37cdcc9-9b80-479d-b1f2-0ccaebdd71dc,Kamlesh Sahu,https://play-lh.googleusercontent.com/a-/AFdZucpTsrqLagqDTiF4CgPc0DhEuv6JIeQfa3uzhDhCHdY,Very good app or it helps me a lot to translate thank you so much very happy,4,6,Very good app or it helps me a lot to translate thank you so much very happy,1,0,0,0,0,0
f446ac57-513a-4f23-a662-ac681df8b167,VIRENDER PRATAP,https://play-lh.googleusercontent.com/a/AItbvmm4tmWwm1DmjYQJ34LQwqTpVuCj-Pd3QiiJixKe=mo,nice app to learn the english,4,1,nice app to learn the english,1,0,0,0,0,0
d86533e3-35c1-485e-8c4c-bdb85f2e3353,Insane hannah,https://play-lh.googleusercontent.com/a-/AFdZucqKg0JBdeb6AK5Oq8d9MMWiZoBnkWIgm4Hnme4GFA,Good but too many ads ?,3,0,Good but too many ads ?,0,1,0,0,0,0
93e4d66b-af12-465b-96dc-105938d2190f,manoj rajak,https://play-lh.googleusercontent.com/a-/AFdZucqCHmUssWQJ-nLNn57WgexVWhHQ47L_GgqsTtuR,English ko hindi me translet nhi kar pa raha hai app very bad app,1,1,Not able to translate english to hindi app very bad app,1,0,1,0,0,0
991b7b87-4064-49a7-a108-4b0c0a2369ee,shamsahad Alam,https://play-lh.googleusercontent.com/a-/AFdZucoeEsU4LGuPO2-3o6i_Ff09_c6oBpQZ1qK79rcJrA,Good apps but to much aid in this application,4,1,Good apps but to much aid in this application,1,0,0,0,0,1
edc40b79-1110-4bba-9e79-ce0e7c949328,Chandu Maravi,https://play-lh.googleusercontent.com/a/AItbvmnRVqVs2jXAsnqHwbT4ou54rfVu3rZ-LRCHKsOJ=mo,Ye bohot hi ghatiy app hai scan karne mein kuchh ke kuchh batata hai behuda app hai,1,24,"This is a very exponential app, it tells you something about scanning, it is a stupid app.",1,1,0,0,0,0
962fb86e-810e-430c-ba0b-e1ed5c0ec449,Lokesh Chaudhary,https://play-lh.googleusercontent.com/a-/AFdZuco8HIa9AITYvnK828hsTrh610PFb-hOCzxnf_cY,This is very helpful app for learn english love this app thank you,3,0,This is very helpful app for learn english love this app thank you,1,0,0,0,0,0
ea153b2e-f383-4d73-9c68-7701e65cb348,General pool study tag,https://play-lh.googleusercontent.com/a-/AFdZucpyMYQ_y2t6WDO9jCXWoXGrqaxTBMfvEBfGmG1VCrU,Sir you are providing free service for the poor people. I love sir this app. Best converter of any ducument and dictionary. First applocation like this.,5,5,Sir you are providing free service for the poor people. I love sir this app. Best converter of any document and dictionary. First application like this.,1,0,0,0,0,0
d244c9cd-b920-4c83-8e50-c6b4f3c0fb71,Deeksha Amarya,https://play-lh.googleusercontent.com/a-/AFdZucqGKrH7BHKy38y_shtx0-fC--mt7aPcU3HjXCOtAw,Its really a very good app.i have never found any app like this before. This is amazing.go for it.,5,2,Its really a very good app.i have never found any app like this before. This is amazing.go for it.,0,1,0,0,0,0
46a33fd0-121c-497b-8ba6-56f32dd903ba,Varsha Singh,https://play-lh.googleusercontent.com/a-/AFdZucosQ28d1x5q0UgFq7Lqmr8fWift96-7eCi7HZ6mog,It's not working properly,1,2,It's not working properly,0,0,1,0,0,0
d738028e-90d3-4472-8903-d8c4d7465b94,Suraj Kumar,https://play-lh.googleusercontent.com/a-/AFdZucrCLRMnUZGPjiUB4p0G9aDeSiiKCtjCJaGe_tFRew,Good working app,3,0,Good working app,0,0,1,0,0,0
c861d277-cd85-4f80-b8ec-c0b7fa651596,Aashis Minj,https://play-lh.googleusercontent.com/a-/AFdZucpWET_ZBFbzDpHxspai5AIsl71Y1HwTN7VGiEJO,it is a good app for the beginers with little English,3,2,it is a good app for the beginners with little English,1,0,0,0,0,0
4cb02115-96be-42e7-849c-3f2da7afa953,SHYAM paswan,https://play-lh.googleusercontent.com/a-/AFdZucrkLA-cJMA3uhwV_miFovvhpQ0fNgbbYaTiodFwzw,English sikhane ke liye bahut behtar,5,0,very good for learning english,1,0,0,0,0,0
4c1ec278-b3f1-49fe-9a09-db4d6b23ffd8,SOURABH KUMAR,https://play-lh.googleusercontent.com/a-/AFdZucpUKleg9RqxXIopCV4namjhivtwOj3RrZCYSWGz,Very nice this app ?? Is the very important in my life ?,5,0,Very nice this app ?? Is the very important in my life ?,1,0,0,0,0,0
f939792e-a6e2-4484-b22e-08b5e29c4686,Mohammad Ayan Khan,https://play-lh.googleusercontent.com/a/AItbvmm7FjDmX9Hh2jDoLDhspgsBj4SiNWE9BlcS7SBi=mo,Is best learning app and very great translator App... So good Working App...,5,14,Is best learning app and very great translator App... So good Working App...,1,0,1,0,0,0
ddfc6f5c-e728-4041-a3db-3dd7196d8c38,Anik Soni,https://play-lh.googleusercontent.com/a-/AFdZucqYEG_Pa0GGngYtzMWbuLoQuzlnJdM88cyHfA6H,It's speaking fasalit too good,5,1,It's speaking fasalit too good,1,1,0,0,0,0
f34730cc-719f-456e-a3b9-bdd18b61827e,Kuldeep Singh Rana,https://play-lh.googleusercontent.com/a-/AFdZucp_3bViYNRFX_noKzTUlk7Wkgq6F8hB0ky5D4DbNw,DO NOT DOWNLOAD THIS APP DO NOT DOWNLOAD THIS APP DO NOT DOWNLOAD THIS APP I wish I could give not a single stars to this app but to I gave it single? . . . . . . . Such a useless app... Wasted my 5 minutes in this Dumbass app Waste of time All those who has give the good reviews are sold to give a good review ....??,1,4,DO NOT DOWNLOAD THIS APP DO NOT DOWNLOAD THIS APP DO NOT DOWNLOAD THIS APP I wish I could give not a single stars to this app but to I gave it single? . . . . . . . Such a useless app... Wasted my 5 minutes in this Dumbass app Waste of time All those who has give the good reviews are sold to give a good review ....??,0,1,1,0,0,0
99434d3c-b1f3-43ec-843e-1541ab75f707,Vijay Roy,https://play-lh.googleusercontent.com/a-/AFdZucpw8T-2bYieyBvJz5Lwmr4tZjnqz7Xa0ukb-O_7Uw,Good translator,4,0,Good translator,1,0,0,0,0,0
84502da8-1978-46ad-9031-579b1ede05fe,Vishwamitra Pandey,https://play-lh.googleusercontent.com/a-/AFdZucoMjuWaWHTOfZOFN52GhsqGtwQNtUKKmK7LY5I,Good ? Nice translatior,4,0,Good ? Nice translator,1,0,0,0,0,0
35cc75de-5973-409b-ac12-9bde667b6cd7,Vinan Shing,https://play-lh.googleusercontent.com/a/AItbvmmYab5VgIczMEk-jfuo3a_3sfASvDdP3TJsZzkK=mo,This is a super app all most enlish aa gyi hai Thank you so much,5,0,This is a super app all most enlish aa gyi hai Thank you so much,1,0,0,0,0,0
e6d7d926-a884-4bcf-81f2-791c6bc4bdae,Pooja Devi,https://play-lh.googleusercontent.com/a-/AFdZucoRfKxaVJEn-1YpCffo5H7zFDxh_22-Ey1VhK5Vxg,Good translation app,5,0,Good translation app,1,0,0,0,0,0
753bae70-97e2-4e2c-9082-e2a4f56b948a,Mrutyunjaya Sahu,https://play-lh.googleusercontent.com/a/AItbvmlbr7LFYyAMrzV5HWabhpYp4z4b7iCfKbLdnOVd=mo,Thanks for this nice app It help me for project.?,5,1,Thanks for this nice app It help me for project.?,1,0,0,0,0,0
09c2f602-f78f-41d5-83a7-92f143f3d50c,Shubham Gurjar,https://play-lh.googleusercontent.com/a/AItbvml1hQQzW1_yJBht_1wC_xLCUTS8CWrisuJECc9e=mo,It is useful software.,5,0,It is useful software.,0,1,0,0,0,0
42fb60cd-7493-4331-af50-f14081266a4b,Saneha Saini,https://play-lh.googleusercontent.com/a/AItbvmkXNyiZfnrUW4cAL-vcXBVP6Qj2df33GmpqT32z=mo,This app is most useful for everyone. try this app..?,5,0,This app is most useful for everyone. try this app..?,0,1,0,0,0,0
754ff7ae-2d40-4ff5-9dfa-1bba60832d9e,ravita singh,https://play-lh.googleusercontent.com/a/AItbvmkn8h4iZkDQx6Z8-GZaTo0EPEDADhJVCCebyV8e=mo,"This app is very useful in any person and this app language is so essy , I am very effective this app ,this app help me a lot grow my English",5,0,"This app is very useful in any person and this app language is so easy , I am very effective this app ,this app help me a lot grow my English",1,1,0,0,0,0
03506f4d-ebf0-45b6-8a41-96189f2d7899,Dinesh Bhagat,https://play-lh.googleusercontent.com/a/AItbvmlt1nw0aHFvojVqUkzumJSzf0FGQkGQluqMFG2r=mo,These app is very good and my experience is so amazing,5,0,These app is very good and my experience is so amazing,0,1,0,0,0,0
15db2fcd-5004-4650-aeb3-8806f1a1c6d5,Rk Rahul,https://play-lh.googleusercontent.com/a-/AFdZucrunsnl4MmnJe2e8BDxyu60THMh1BlRBL65inKgaA,?? ?? ????? ???? ?? ????? ?? ????? ?? ???? ?? ?? ???? ????? ?? ??,5,3,You can use this application easily this is the best app,0,1,0,0,0,0
1dac3732-1c6c-4af3-ac6b-573be6dc5605,Satyanarayan Jha,https://play-lh.googleusercontent.com/a/AItbvml5Bi-NdkkRaXtaVWK27JXQcfI7m51B4ytcbY7V=mo,"????? ???????? ?? ??? ??????????, ?? ?????? ??? ?????? ????????? ??!!",5,1,"Informative for the students, this medium is a very beautiful program!!",1,1,0,0,0,0
79e74258-a5de-42f6-9599-28e402c9f6e7,Deshu Meena,https://play-lh.googleusercontent.com/a-/AFdZucoiHCRHUXMEhH2K50zVpOhmFCBMo9ktA1_Bi_1B,Everything is ok but there is no any option to save the word that we searched recently for future use...,3,7,Everything is ok but there is no any option to save the word that we searched recently for future use...,0,0,0,0,0,1
e742c989-87fd-41f0-b23a-5cf3078550d2,Anil Yogi,https://play-lh.googleusercontent.com/a-/AFdZucofBwS46v0wg1tJp7ezyj0C5_BV8jyDXpARb6aW,???? ???? ???? ??? ??,1,18,no sound ok,0,0,0,0,0,1
20eb9f99-ab2a-4ede-bbfb-5d4feca57037,Charan Bhakar,https://play-lh.googleusercontent.com/a/AItbvmnyAq_nwrlMuzm491vZI8P0OOAfeS-HBj0GA19w=mo,Hindi type krne ke keyboard ko English me Diya hota Toh ye app best hota nd translate bhi properly nhi karta hain,2,0,If Hindi typing keyboard was given in English then this app would have been best and also does not translate properly.,1,0,1,0,0,1
44b8296b-9913-49d9-b640-39e20210350a,Khushi Jat,https://play-lh.googleusercontent.com/a/AItbvmkE9KmmLuWoDmdrcPt-HDrZyFkbtRGc6AQ1RbXW=mo,Although the app is amazing but the multi language translator is not working . We can translate either english to hindi or hindi to english and if we choose another language to translate then it shows no internet connection despite of being internet connection .So please fix it .,3,333,Although the app is amazing but the multi language translator is not working . We can translate either english to hindi or hindi to english and if we choose another language to translate then it shows no internet connection despite of being internet connection .So please fix it .,0,0,1,0,0,1
430e0c64-0b20-4389-9001-657ed93e63b4,Manoj Anthwal,https://play-lh.googleusercontent.com/a/AItbvmmxhj9xvGWyI-Uqi9a5P36zT8UqbIB-g4kEQZ9o=mo,"I rate this app 4 star because I like this app very much the voice translator is doing such a good work ,but I disappoint with the camera it's not work very well or it's not translate any word. Keep it up and try to improve your Camera Translator.. At last I am very happy with this.. I am searching this type of app after 2 year ago but I didn't found it I try most of the app but they not translate much thing but when I found this , really it's help me very much to translate Hindi to English..",4,659,"I rate this app 4 star because I like this app very much the voice translator is doing such a good work ,but I disappoint with the camera it's not work very well or it's not translate any word. Keep it up and try to improve your Camera Translator.. At last I am very happy with this.. I am searching this type of app after 2 year ago but I didn't found it I try most of the app but they not translate much thing but when I found this , really it's help me very much to translate Hindi to English..",1,0,1,0,0,1
914bee97-f2bc-4c9c-95ea-57e983b0a9e2,Aasi Khan,https://play-lh.googleusercontent.com/a/AItbvmmeHA6AzQ6af0KBI79HmFWafc4JjMQUcqm17zjx=mo,not worked this aap sooooo poor aap,1,0,not worked this app so poor app,0,0,1,0,0,0
fb617162-33ef-422c-bdba-6de59680990b,Azhar Uddin,https://play-lh.googleusercontent.com/a-/AFdZucqlzMk-4A7m-Vn9jd5_qJv62bXBOKNzPHwdL4DQ,Nice app in hindi to english dictionary,5,0,Nice app in hindi to english dictionary,1,0,0,0,0,0
632a909e-bbc6-4a08-aef9-a12dd81e6eeb,sammy Gujjar,https://play-lh.googleusercontent.com/a/AItbvmll3rAONWbyht2WP71YRyHUIYupFzgAVDC32fmb=mo,Nice app for lyrics and paste your thoughts,5,0,Nice app for lyrics and paste your thoughts,1,0,0,0,0,0
54cbbe8b-a4ba-482e-99e2-9ac4decf55af,Shubham,https://play-lh.googleusercontent.com/a/AItbvmkT5XS_SF4Lno7JinElEvWfUQ58yBLqU7aj9Z82lA=mo,This app is very poor. I don't like this . I would advice don't download this app.,1,1,This app is very poor. I don't like this . I would advice don't download this app.,0,0,1,0,0,0
82202d70-d6f8-4cad-9505-9fb2d7cad7cb,kk Bagra,https://play-lh.googleusercontent.com/a-/AFdZucoKo1UCKe3ldTOWaN2tgzL_oK2QFQ1CGFlX1os6yQ,Great app everyone should install this app if you learn english,5,3,Great app everyone should install this app if you learn english,1,0,0,0,0,0
8ad87592-2780-4939-aa05-1960ddd301f4,Vicky 0007 king,https://play-lh.googleusercontent.com/a/AItbvmnmm8-5dX0UEhc1om5qtil-B_Kvh9JbtQHbXEsY=mo,He is very good translator aap he is best aap of education,5,2,He is very good translation aap he is best app of education,1,0,0,0,0,0
89a655f0-f86c-4d15-9b20-cfd0b249c23d,lalita Thakur,https://play-lh.googleusercontent.com/a-/AFdZucqYTDhf2XGG7Y2OeJZp1RRcu4aZG1lMbokrlCTd,Wow this is very awesome ?? app please please please install this app but idont no why only the translate Hindi to English and English to Hindi why are not translate gujrati Urdu and all languages,5,8,Wow this is very awesome ?? app please please please install this app but idont no why only the translate Hindi to English and English to Hindi why are not translate gujrati Urdu and all languages,0,0,0,0,0,1
4ed1f22d-3658-4903-afe6-4ef7b171d48f,Sonali Mahabhoi,https://play-lh.googleusercontent.com/a/AItbvmnAcWQM9KRnlvHjHPdGIElMqD6mIYDlzl_t9zoU=mo,It's very helpful to learn English.Very much satisfied with this app?.,5,9,It's very helpful to learn English.Very much satisfied with this app?.,1,0,1,0,0,0
18bb3c7c-7ed9-4046-973f-df4edeae6546,Vijay Shankar,https://play-lh.googleusercontent.com/a/AItbvmkAYMap1pPB0zXH3O4WeWspBumurGibUhTmwS0U=mo,Very nice app but i have given it 4 star because this app do not translate all words so slove this problem anyways it is very very nice app ??????,4,10,Very nice app but i have given it 4 star because this app do not translate all words so slove this problem anyways it is very very nice app ??????,1,0,0,0,0,1
b7197fa6-6c2b-4b89-9c8b-6be8d82af8d6,Aijaj Ali,https://play-lh.googleusercontent.com/a-/AFdZucqQlsw3uz8_VUFr92hvcP7Sxiw1Z5PlaSa2ciFn,This app is best ager aapko English nahi aati hai to,5,0,This app is best if you don't know English,1,0,0,0,0,0
934784f6-ad53-406c-af84-310b5066b33d,SHREYAS MHASVEKAR,https://play-lh.googleusercontent.com/a-/AFdZucpHAd7iwjJBqEhMg0Vl5123fPZ3qI9Gkd_gkPLn,Nice dictionary for searching meaning,5,0,Nice dictionary for searching meaning,1,0,0,0,0,0
62ac778a-04fc-4274-86b3-ae578c450c51,Yash Veer,https://play-lh.googleusercontent.com/a/AItbvmn5Ffrr7KvwEVau8tHK1gCLPvTuS6XHU4_UW2_O=mo,Some time it doesn't translate,3,0,Some time it doesn't translate,0,0,1,1,0,0
513465c0-69bb-4c44-86d3-f2bc8c73d2db,Vijendar gree Kumar,https://play-lh.googleusercontent.com/a-/AFdZucoG2qaqTjBI6koR7nnIHbvNdI_GW04ugKIbkv2Y,??? ????? ???? ?? ???,5,1,why not loading,0,0,1,0,0,0
c7f3acb4-e1bf-4ffb-a2ad-cb86b10ab5a3,Miss Chauhan,https://play-lh.googleusercontent.com/a/AItbvmmaBemxTqaZem5h1TfvgPkIYOdozuoMOieNizgx=mo,Doesn't work nicely after some time of installation,1,2,Doesn't work nicely after some time of installation,0,0,1,0,0,0
51e8c1df-5389-4d76-b8eb-26340bbe3024,Dalber Dalber,https://play-lh.googleusercontent.com/a/AItbvmnJvByUJto6AKlpByQFiU15G3LDQB_uyACO9Io0=mo,???? ????? ??,5,39,very beautiful,0,1,0,0,0,0
0d633ab4-4418-49fa-841d-433b505d58d1,Mukesh Chahar,https://play-lh.googleusercontent.com/a-/AFdZucqlsn1SFD5R-22ycW_GGK6NsjjfThpZjNKujCw4,Mujhe bhut help milti hai aapke es app se. Dhanyvad bhi kam eski achhai ke liye.,5,1,I get a lot of help from this app of yours. Thanks even less for the goodness of it.,0,1,0,0,0,0
b05835b8-5042-4882-800b-b7d62ca26fc2,pappu Ram kumhar,https://play-lh.googleusercontent.com/a/AItbvmlE44NlRhPVIca9OowjuFeyS1068szxPFAPVOC7=mo,This is very important app for your help,3,0,This is very important app for your help,0,1,0,0,0,0
e5e54f8e-3fec-453f-93ab-11c6d8877a57,Sonika Tajawat,https://play-lh.googleusercontent.com/a-/AFdZucoKp50PxROnJCDfie4DtyLKVV2WTM49yQMoTBYx3A,Sorry? to say but....Wrost experience..?... Personally in my point of view don't use this app...... .....sorry but I'm not happy with this app ?.,1,3,Sorry? to say but....Wrost experience..?... Personally in my point of view don't use this app...... .....sorry but I'm not happy with this app ?.,0,1,0,0,0,0
14e088dd-ac91-46b6-8be3-9c0a92d78b68,Tanuj Gujjar,https://play-lh.googleusercontent.com/a-/AFdZucplhTnKJXCXv3SeA5qXjgilT-OpifJAbiS1zXPT,This is very amazing app but online ha,4,0,This is very amazing app but online ha,0,1,0,0,0,1
18b84204-b915-40dc-a46a-83004241943a,Arun Kumar Sharma,https://play-lh.googleusercontent.com/a-/AFdZucp2IWqZGcJaPTCyPoIdHreq1KD-T4CjjrIzS_s47g,"Very bad, no proper translation recd even not nearby.",1,5,"Very bad, no proper translation recd even not nearby.",1,0,1,0,0,0
db0747ef-ed88-403b-8596-97c9c9b58e6a,Avanish Singh,https://play-lh.googleusercontent.com/a/AItbvmnW7BfOwmwkwrL5W8SJn0I9w6E6BhsXaLFuCToj=mo,Very nice ?? app for students to learn their question,5,2,Very nice ?? app for students to learn their question,1,0,0,0,0,0
4fe33576-1f53-4f20-b693-a95ee249f6b6,DeepaK BunDela,https://play-lh.googleusercontent.com/a-/AFdZucrd6i1T5eZfBtE2s5U8kfWeAHC7HXlSNDoNWwkBvQ,Very good application fir searching all words,5,2,Very good application fir searching all words,1,0,0,0,0,0
e4345581-ff4c-4dcc-9aef-877e69f3ec91,Pradeep Dangi,https://play-lh.googleusercontent.com/a/AItbvml8fAarl2s7cePxmu4vbW1QjrRQ-t2UOo4UinwA=mo,Great app for English,5,1,Great app for English,1,0,0,0,0,0
416fccb6-d46f-4bdb-8736-0475cac08b50,Sk Rajput,https://play-lh.googleusercontent.com/a/AItbvmnqcyyY_viBt8D794raFiBByaWcswT_UvHfMz3X=mo,This aap is useful for those who want to learn English I really appreciate it,3,0,This aap is useful for those who want to learn English I really appreciate it,1,0,0,0,0,0
da1d1a57-5413-4aed-b904-3ea2aa424575,Adeeba Khanam,https://play-lh.googleusercontent.com/a/AItbvml6RuUroYS3Wk_dxzvKR4sBPJWml8KKBpVgaqlb=mo,Good for power vocabulary,5,2,Good for power vocabulary,1,0,0,0,0,0
228fff05-39a6-4f5e-97d0-05c10bad8e5c,LOVE YOU GAMER,https://play-lh.googleusercontent.com/a-/AFdZucpX0RZhXKYt6LC60IS1xvuMWTZ1kjq9UC9y0RBRaA,Hindi English very nice Good app,4,2,Hindi English very nice Good app,1,0,0,0,0,0
f226c58f-21b6-49cc-b8f5-76bb9653abce,Muskan Chitriv,https://play-lh.googleusercontent.com/a-/AFdZucri-_t5T1xqLPX3s85Ias6u0ScskWFwpgrGDlsJ,It's very good app for translate to any word for them .so I am happy with this app ?,5,2,It's very good app for translate to any word for them .so I am happy with this app ?,1,0,0,0,0,0
0f4df216-315d-48c8-8beb-4015de6ecfad,Ravikant Singh,https://play-lh.googleusercontent.com/a/AItbvmmxniadm98ppdSCnEQ68b131gWIMJBVVxysu_D3=mo,Please mere account mein ?500 delivery please mere account mein 1000 rupaye a jaaye,5,0,Please mere account mein ? 500 delivery please mere account mein 1000 rupaye a jaaye,0,0,0,0,1,0
6fcc96e9-ed55-432e-8054-69b7d857bc09,Himanshu saini,https://play-lh.googleusercontent.com/a-/AFdZucoQlZB8-9wkf6a6rMOjSNUrdt14A_mZBSGVNjQ1,So bad app not traslating properly,1,0,So bad app not translating properly,1,0,1,0,0,0
01e85b38-02b4-4af3-9a4c-f0294febf4b4,G M,https://play-lh.googleusercontent.com/a-/AFdZucpU423sBO3Fwdnulzqle_aq74KGa7B2RDTaM4Ii,This is very useful for me . Its hindi meaning very to understandable ?????,5,3,This is very useful for me . Its hindi meaning very to understandable ?????,1,0,0,0,0,0
507b0072-cbf7-4741-866e-44f930192838,Golu Yadav,https://play-lh.googleusercontent.com/a-/AFdZucpQgzhxJTVlwjzsj3UmCNrnrF3f567bM-A_Hu9N,Hindi ko English mein translate karte hain Inka bhi badhiya hai mast hai best Hai Kuchh Hamare mobile mein,5,0,"Translate Hindi to English, they are also good, they are cool, they have some of the best in our mobile",1,0,0,0,0,0
be5dcc4c-d4a8-4b33-845a-2e6cf92f4b85,Seema Singh Chauhan,https://play-lh.googleusercontent.com/a-/AFdZucoQLs9eE7xKQ9atF19X6_zgbNSqflSWyZnw1BVz,Very nice app for students,5,0,Very nice app for students,1,0,0,0,0,0
958c3584-9e05-4c45-bfae-51a1c143792c,Mayank Rathod,https://play-lh.googleusercontent.com/a/AItbvmm1DU_J1r7nXCA8CLcw64KCXEXbZaWkaRkZ-ptL=mo,This is a nice app and very eeshi english translator hindi and all legveg,5,3,This is a nice app and very eeshi english translator hindi and all legveg,1,0,0,0,0,0
f6f58e83-7d4c-45e8-aa45-3406b2036944,Aamir Khan,https://play-lh.googleusercontent.com/a/AItbvmmIL_9nBibv3s1yTqWqttWgs8uHLLwZnE2nfOjH=mo,Nice to translate,4,0,Nice to translate,1,0,0,0,0,0
7cc24541-1868-4f44-9370-065625305dc7,Kamal Verma,https://play-lh.googleusercontent.com/a-/AFdZucpOhHfc8Da8Pq0gfWyY-sXf4L2BImUccxBF-BHq7g,Only add no working third class1*,1,0,Only add not working third class 1*,0,1,1,0,0,0
4fe41c7f-348b-4ed0-b3de-5c8c97dcc993,niku kalita,https://play-lh.googleusercontent.com/a-/AFdZucp7mbrYEA9WPFGrhzPbltt79Whtz_5bUcIk-rj8BSQ,Poor quality do not wastage time and data,1,0,Poor quality do not wastage time and data,0,0,1,0,0,0
dcde794c-db41-43fa-9e4d-cb71cdac25a3,Tapas Mishra,https://play-lh.googleusercontent.com/a-/AFdZuco-HObI4KumKhL9op3sHUFeo-0rBEU5b2HgaqfV6w,Very easy to use and most useful app for understanding english,4,5,Very easy to use and most useful app for understanding english,1,1,0,0,0,0
f46535bd-e792-44d5-9223-4ae65d0227f9,Sahil Soni,https://play-lh.googleusercontent.com/a-/AFdZucpqK8cUbL-NDJzLOMbTHdKxZ-WBQprNxhOwXYLagQ,Very bad experience this app is not perfect working,1,5,Very bad experience this app is not perfect working,0,0,1,0,0,0
563e7f74-9fb2-4e77-8c6c-a2323af93578,Ayush Tiwari,https://play-lh.googleusercontent.com/a/AItbvmmak7fxRyN9gLe3JNI3V9UUVTV38B_F_17hhDihIw=mo,"Very great app and very helpful this app will teach you how to spoke English how to learnt English , comprehension English word game, vocabulary dictionary, article and translator superb app ????????jai hind jai bharat ??",5,13,"Very great app and very helpful this app will teach you how to spoke English how to learnt English , comprehension English word game, vocabulary dictionary, article and translator superb app ????????jai hind jai bharat ??",1,1,0,0,0,0
3a2384e3-e7e2-472a-b5c1-c3ff528365f2,Madhavi Choudhary,https://play-lh.googleusercontent.com/a/AItbvmmKpkyLSqKNwBTkq6k1nMRt5NyS9UEmQyohR5k4=mo,This app is good for translation of language. I want to give this app 4 star. This app pronounciation level is good .in this app have some good features .we can identify lot of meaning of one work .,4,715,This app is good for translation of language. I want to give this app 4 star. This app pronounciation level is good .in this app have some good features .we can identify lot of meaning of one work .,1,0,0,0,0,0
ffe9af91-a088-471d-a527-413372a4a6ce,Pinki Tyagi,https://play-lh.googleusercontent.com/a-/AFdZucpQY13QX_QXvGDNfHfGPL6bQ-seRFRqjXPz1hsxzg,This app isn't tells the all words meaning but it is a good not bad,3,3,This app isn't tells the all words meaning but it is a good not bad,1,0,0,0,0,1
62a26c7c-15af-43e3-8246-744ef598b317,GUPS AMBA,https://play-lh.googleusercontent.com/a-/AFdZucoMzPQRTVHDPXGB2IIM2RtheSxU63t7SdmXBpyL,Good perfomance with easy show,4,0,Good performance with easy show,0,0,1,0,0,0
00c932ce-d8d6-49eb-909e-a20ff01e85c0,Jugankishor Dhilor,https://play-lh.googleusercontent.com/a/AItbvmnS6q3GaPvcTrSCEpd8Ca9eHAjc5RUO5jnjuJbj=mo,This is a bast app for translation,5,0,This is a best app for translation,1,0,0,0,0,0
81debbd3-e0de-445a-914f-1a3be87327e8,Lakshya Kumar,https://play-lh.googleusercontent.com/a-/AFdZucrqTDKW4JFDdSI8icc1Skro9bSplMnnD4SJM6M6,Ad free download kaise kren,5,0,how to download ad free,0,0,0,1,0,0
c477951e-dc2f-4dda-ac05-19261dc92704,Santosh Kulshrestha,https://play-lh.googleusercontent.com/a-/AFdZucodGmDQGgavwCc4cLIQlLjbxxDvFycg7f0iC6uOMA,Not using my keyboard on hindi typing,1,0,Not using my keyboard on hindi typing,1,0,0,0,0,1
a14e2206-ca8d-4cf1-8c24-afd337700fc8,Ramswroop Nagar,https://play-lh.googleusercontent.com/a/AItbvmmk8EqK4M4PmUyzI-OMgRrPJgJA0KkkDgXV_lwE=mo,It is very usefull for my study and preparation of exam,5,2,It is very usefull for my study and preparation of exam,1,0,0,0,0,0
36206c58-b9d7-44a4-9721-520110a399bc,Pawan kumar Airman,https://play-lh.googleusercontent.com/a/AItbvmnKp65i8KAIlzOeIVsETcKOp9X__TdCefNxBS5z=mo,English speaking strong,5,0,English speaking strong,1,0,0,0,0,0
26a2d8b2-3ce3-4d57-89ad-87cfa0bf18c3,Fardeen Ali,https://play-lh.googleusercontent.com/a/AItbvmnvWeD8TFDsjcxNJnBgalJVfRWwCfjthaNnChg_=mo,It is very helpful and we are very grateful to have this kind of application in our system,5,2,It is very helpful and we are very grateful to have this kind of application in our system,0,1,0,0,0,0
87340d36-e1ed-4cf4-ba3c-316129354aa1,Govindaraj Arikrishnan,https://play-lh.googleusercontent.com/a-/AFdZucpYOKGWKbGvwYLp-lcAB4U5rcfge7-p9RcWhYCJ7w,Good.Lots of ads though.,4,2,Good.Lots of ads though.,0,1,0,0,0,0
945bbcb1-f795-4e90-b282-5d3850702d6b,Shøuryã Rãj,https://play-lh.googleusercontent.com/a/AItbvmmA4DLJMBnv2vBHWMDzAOfN46ehZzE5nJZ0GKK6=mo,It is most defined and helpful for all students.,5,7,It is most defined and helpful for all students.,1,1,0,0,0,0
c0fae22e-e8f6-451f-af05-1a656cecf18f,Faiyaz ahmad,https://play-lh.googleusercontent.com/a-/AFdZucrbm9fcwSHov8uaTg8mQjqVRaNdKxIxf0uxaLIG8w,Super app support you,5,0,Super app support you,0,0,0,1,0,0
8b5ad45b-e8d3-4857-989f-e149d4d226fd,Ikramul Hasan,https://play-lh.googleusercontent.com/a/AItbvmmseLSv9Kw-brjS4JsJqF3Of-dRJLQr3YcnZFs=mo,Ossum app for speaking English.,5,1,Ossum app for speaking English.,1,0,0,0,0,0
7b31fcd5-0a8a-491e-99cd-10f3e67d1a1b,Kuldeep Yadav,https://play-lh.googleusercontent.com/a-/AFdZucr3PDN-GS2eg_cuAtAGuCCIk43LV5PmTfUBgfpY,Not working at a time,1,0,Not working at a time,0,0,1,0,0,0
ba6acb4c-bc73-4f86-a661-ea37f973753e,Tamanna Tour and Travels,https://play-lh.googleusercontent.com/a-/AFdZucr2Ff8vKZJpHXxLoTzcWXPl1JruQVfTUYsQnHzy,It's good for learning ?? ???? ????? ????????? ?? ????? ??? ???? ??????? ( translation ) ???? ??? ????? ( audio voice) clear ??? ???? ??? ??? ?? ???? ?? ?? helpful ???,4,0,"It's good for learning or is a very good application, but sometimes what happened to the translation, the audio is not understood clearly. It is helpful to a great extent.",1,0,1,0,0,0
3beeff5a-5ec8-410a-af15-1f03129dfcc3,Mr. King,https://play-lh.googleusercontent.com/a/AItbvmlC1USnoMtbZ_P2T6fNP_PEvGcSRrSmCv_TGYEz=mo,Pdf is open but not zoom perfectly so please update it..or fix it ..many pdf news paper is not being zoom.,3,10,Pdf is open but not zoom perfectly so please update it..or fix it ..many pdf news paper is not being zoom.,0,0,0,0,0,1
e134e7cc-f6f2-4adc-b0f5-03c3171cbada,S Sodi,https://play-lh.googleusercontent.com/a-/AFdZucpcay42zZk1RMRGZuysvXioq2PeNBJvfiUGg-w,Very helpful learning for English words meaning?,5,4,Very helpful learning for English words meaning?,1,1,0,0,0,0
6237cd41-bba7-4954-aba4-3122e0d6ad0b,power grillers,https://play-lh.googleusercontent.com/a-/AFdZuco2efSQXGf9_LAvnq_ZxpRvqfqhEhqaWNGqKRjD,No magnification.,1,0,No magnification.,0,0,0,0,0,1
fec9e1eb-a9f7-464d-acb9-13034a68a6d5,Sankarasubramanian Ramasamy,https://play-lh.googleusercontent.com/a-/AFdZucq7EuYPrMPEdKp3AVN_AjVV6W2scKy11R2rxwwJ,Very good app. Also provides new keyboards,5,1,Very good app. Also provides new keyboards,0,0,0,0,0,1
27ca47cb-2924-4ca8-a0e8-c5575ef25961,Ram singh Tomar,https://play-lh.googleusercontent.com/a/AItbvmlFeGUzTaE8rt6SUtE_oDNLhIEY4C-pszzBbfY0=mo,This app is very well and solve your all question very fast and easily & i love this app??,5,3,This app is very well and solve your all question very fast and easily & i love this app??,1,0,0,0,0,0
dd0a4bed-3c34-4409-88e5-02fc4b51769b,aapki muskurahatain,https://play-lh.googleusercontent.com/a-/AFdZucq1KalMgDBzjvtblkbk9O5SV1CiH3TPLx07kZwm,It's great for learning english,5,2,It's great for learning english,1,0,0,0,0,0
8d6f3999-a06e-4930-8cb6-7f3e9a2475a2,Anurag Parmar,https://play-lh.googleusercontent.com/a/AItbvmkhNNOvzIGaUsqCjN8wGdY4ybUTVIVQmNKHaJ5F=mo,This was very disturbing app,1,0,This was very disturbing app,0,1,1,0,0,0
331a6cae-cb10-4e4b-b5af-51e084c2d5b9,Ayush Kumar,https://play-lh.googleusercontent.com/a/AItbvmmQWCxqHAubU1sx2-uchntaHvtKFw6pF68CK46s=mo,VERY HELP FULL AAP FOR HINDI TO ENGLISH,5,0,VERY HELPFUL APP FOR HINDI TO ENGLISH,1,0,0,0,0,0
5dcb9d30-7643-4860-bbdd-442f2fefc340,Suny kumar,https://play-lh.googleusercontent.com/a-/AFdZucqMWb2nt8mW2dYaSRayy81bH1arZQNvYnUHLNsslQ,It is good learning app?,5,0,It is good learning app?,1,0,0,0,0,0
3d4a0c47-a3ce-4bf5-abb5-eeb97e3f355d,Arshia Nuzhat,https://play-lh.googleusercontent.com/a/AItbvmnHu0gSsTDuv1mCyfQ5e8M_FYxHytMrTUSGrJW9=mo,Not so gud.features impoverished,1,0,Not so gud.features impoverished,1,0,0,0,0,0
e212f383-1c26-4b43-862e-df12e82bbba8,Abrar Deshmukh,https://play-lh.googleusercontent.com/a/AItbvmkZlaPg-Uoi8cFtcE5oHfMhp98WVUGQSIGpHiNm=mo,Useful app thanks,5,0,Useful app thanks,0,1,0,0,0,0
4e178eed-e5b3-417f-812f-7480717c969b,Suraj Kumar Das,https://play-lh.googleusercontent.com/a/AItbvmknIC51Gv5J7PR5Vv1Nr6EYo6qlhk2sPsCNTBsD=mo,Very nice for education student,5,0,Very nice for education student,1,0,0,0,0,0
15a4fbe7-4f22-4518-868e-c061d2cf82ab,Varsha Indoriya,https://play-lh.googleusercontent.com/a-/AFdZucoDedS_sS23YKKjPuDWn6YQc5tynhN2Gn5kPAOrhw,Hindi English translation app is a good app So I learn some English,5,0,Hindi English translation app is a good app So I learn some English,1,0,0,0,0,0
025a7611-3793-4c6d-bbe6-92accf7cc86b,Manish Singh,https://play-lh.googleusercontent.com/a/AItbvmkQgpvAX7XXpTjna8WjYvHzbCxnKGQo9hOHzzMP=mo,This app is very good and this is very useful for all people,5,1,This app is very good and this is very useful for all people,0,1,0,0,0,0
f8881710-3ca3-4b1b-80d8-7f3182c55688,Raj kumar Gupta,https://play-lh.googleusercontent.com/a/AItbvmmffxH_4lmZ7yJUS7TLLeof7-bkNzv2bbbQmO0j=mo,Good app for English translator,4,0,Good app for English translator,1,0,0,0,0,0
90c26538-6153-4c39-874e-eafc004a9519,Akshay Jadhav,https://play-lh.googleusercontent.com/a-/AFdZucrGKXJIJEEf1cOToWowQS_gagVU6m3RoHcgYPu2,Please improve in marathi language,4,0,Please improve in marathi language,0,0,0,0,0,1
775d203b-d24d-40e8-b343-445319655d34,Cr_ 007,https://play-lh.googleusercontent.com/a-/AFdZucqiCq2PRT0A6D818hPlra8rNsl_MK2PGteu0FcMGw,Very bad aap don't waste your MB....,1,0,Very bad aap don't waste your MB....,0,0,1,0,0,0
8b8d6250-0bf6-4511-95da-0325cb53bf42,Madhu Kumari,https://play-lh.googleusercontent.com/a-/AFdZucqkszu2QgIz1Y8z8Ql6y9bmsbJj8djAtMsVCFAk,So good learning English App,4,2,So good learning English App,1,0,0,0,0,0
aab257a2-fa60-4c41-a4bb-f2c397290bf3,Keya khatun,https://play-lh.googleusercontent.com/a/AItbvmnSf48SR5imRhAUKcHPFo5HciP0djVY3b_VIJ4_=mo,"Good app i am so happy this app is amazing english to translator bangla, hinde, tamil, arbic to all meaning translator i used 5 days i recommended to all this app installing now",5,8,"Good app i am so happy this app is amazing english to translation bangla, hindi, tamil, arabic to all meaning translation i used 5 days i recommended to all this app installing now",1,0,0,0,0,0
9cc6a1b5-f689-4382-8a1a-64c4cca9c5bb,Sheo Dwivdi,https://play-lh.googleusercontent.com/a/AItbvmk0GY9D0a6vK707236lCKcLDUhPiYQjRngnvwJv=mo,Good app ??? I got very hard word but I got meaning from this app ???,5,1,Good app ??? I got very hard word but I got meaning from this app ???,1,0,1,0,0,0
b43e477a-c7d1-4c59-833f-c8677fd7219b,mahendra Rathod,https://play-lh.googleusercontent.com/a-/AFdZucr4Jn1ljL0x0kEimkuf5f99eirfeoqXm9alFFUJIw,This is a nice aap and any questions and any ans translation to hindi and nice aap,5,1,This is a nice aap and any questions and any ans translation to hindi and nice aap,1,0,0,0,0,0
1cebebae-d85d-4362-95f5-73dcf0df5d71,CHANDRA PRAKASH,https://play-lh.googleusercontent.com/a/AItbvmmJ9-p0RfLVDm61DwqAy3LUSySd6EgFzAb_sIe4=mo,Good translater app,5,0,Good translator app,1,0,0,0,0,0
f49bfdd2-c3d2-4c04-b204-5a4eabf32b71,Harendra Mosalpuri,https://play-lh.googleusercontent.com/a-/AFdZucogEwEN-Cm1GNoCn2EOSn5v1Ems7Ikc3WpZrXIg,Is this app easy to use,5,0,Is this app easy to use,0,0,0,1,0,0
2b139728-a01b-4b86-bd6c-f1e903564fc3,Subodh Kumar,https://play-lh.googleusercontent.com/a/AItbvml2k1YIbthnYeikEmoneARsbrqs-jhYQbyU5wak=mo,Verry nice apps translations,5,1,Verry nice apps translations,1,0,0,0,0,0
bf5a5824-e448-47d2-9d83-3db91f2486aa,Md Chhotu,https://play-lh.googleusercontent.com/a/AItbvmmACGdFDOe9VoTHIvMEcOXjksDdcpj3KHlbHWue=mo,Hello app chalu nahin Ho Raha hai Sahi kar do,5,0,hello app is not starting fix it,0,0,1,0,0,0
7eef6a5a-0176-477b-a404-779d19ff22b6,Omkar Singh,https://play-lh.googleusercontent.com/a/AItbvmlAXQLy-xLCBcMtE2JaOZmHo624q3sRvlntCkn2=mo,This is extremely good app help my school and tuition homework,5,0,This is extremely good app help my school and tuition homework,1,0,0,0,0,0
a91d1ab9-43d9-42be-9d04-3cf9602686a5,Rajesh kanwar Raju,https://play-lh.googleusercontent.com/a/AItbvmkEGQXPGtiAe25ylWJFo-GpAFUlco5mA1B5P8yO=mo,Samjh nhi aa rha hai whatsapp ka kaise translet kare,1,0,I don't understand how to translate whatsapp,1,0,0,0,0,1
9c791755-eb94-4fb2-a5e6-7c5e664ce698,Somesh Meena,https://play-lh.googleusercontent.com/a/AItbvmm0hgOiGcfCI0ifkD3EgS4dZvL1cksGKY68CouZTA=mo,?? ?? ???? ????? ?? ??? ??? ??? ??????? ???? ???? ???? ???? ??? ??? ?? ???? 5 ? ????? ?? ??? ?? ???? ?? ???? ??? ?? ??? ?????,5,55,"This app is very useless, no brother download it and spend your data, it first asks for 5 , then gives it, even after that it does not open",0,1,1,0,0,0
b19db7da-9894-4191-91ad-c9e4d0827f21,Vinay Trivedi,https://play-lh.googleusercontent.com/a-/AFdZucrLez1v_U0_Xm70s6giiTVqsyLZ02Fasasp5I85iw,Bad Quality,1,0,Bad Quality,0,1,1,0,0,0
4768b307-9f18-4887-8c99-948636e9436c,Anshika Rai,https://play-lh.googleusercontent.com/a-/AFdZucoJSHL7TxmS10gBKH55jvTkfbjC9O7neqLBNM1uaA,Very nice apk . It will help to improve the English speaking skills And it make easy to learn vocabularies.,5,15,Very nice apk . It will help to improve the English speaking skills And it make easy to learn vocabularies.,1,0,0,0,0,0
885fd372-4ef2-4a10-a15b-f2773991a212,Akshay Bhosale,https://play-lh.googleusercontent.com/a-/AFdZucr2syzVmkUP2a8VE1lBvELY9D9NlLfoa4n1nqNjNtk,Best online english to hindi app for translate hindi to english and english to hindi sentenses.Nice helpfull app. Thanks Hindi English tra. Team,5,0,Best online english to hindi app for translate hindi to english and english to hindi sentences.Nice helpfull app. Thanks Hindi English tra. Team,1,1,0,0,0,0
4eddb035-e3ca-43ff-8b40-16523caa9893,Shiva Rathaur,https://play-lh.googleusercontent.com/a/AItbvmlEzpYERY4xMu579a_bC8w5H3PYu6Ye5ep95OIl=mo,"Very good app nice performance. ,,? ?",5,0,"Very good app nice performance. ,,? ?",0,0,1,0,0,0
190ceb1e-35c3-49e2-9d5e-6f303262f6d4,Rajkumar Lalwani,https://play-lh.googleusercontent.com/a/AItbvmmE1QuV3-ZMtd0UQu4S0FQqa0eHGz8OzrXyF8zT=mo,This so this so amazing ? I like this app translator and amazing app I am so happy ?,5,1,This so this so amazing ? I like this app translator and amazing app I am so happy ?,1,0,0,0,0,0
b5670740-6b48-44a5-a85c-d03c94317f8f,Bhanwar Lal,https://play-lh.googleusercontent.com/a/AItbvmk7QohEZvz-FTN1x5-zmW2cX-idV8RMKDG381WU=mo,Great app. Please develop it more.,3,0,Great app. Please develop it more.,0,0,0,1,0,0
a59b793c-67a2-4519-b473-8e48c3a0322a,Subhashkumar Prajapati,https://play-lh.googleusercontent.com/a-/AFdZucpGh_XIdqtxRQLqOf-bng3QeMLgCcujIGF52ZMIa44,Very bad working,1,0,Very bad working,0,0,1,0,0,0
38a86967-7d4f-484c-a5df-e199a73056ba,Indu Dixit,https://play-lh.googleusercontent.com/a/AItbvmn-p7Ft_jeYza1NzTvH4DgQSrvYdQpmHtZscYf3=mo,This is very nice app i can translate any word in this app,3,1,This is very nice app i can translate any word in this app,1,0,0,0,0,0
cbfb34ee-ca80-4e05-8e7f-eee48c8ddd5e,Sujal Kumar,https://play-lh.googleusercontent.com/a-/AFdZucqssmVQK2TsJC5s2kBQZSLcJuM8hVet3IJc1oyi,Good app for week students in English,4,0,Good app for week students in English,1,0,0,0,0,0
582cc466-26eb-47b6-87ce-1aebbc642e10,Babalurathour Babalurathour,https://play-lh.googleusercontent.com/a/AItbvmmSj_x_6vArkcmscF7x5d4GHfO5cRqXeKzE8g7t=mo,Good app to learning. easy to read,5,0,Good app to learning. easy to read,1,1,0,0,0,0
8dcdc8ac-9ee5-4a58-9c0d-efab29047d0d,Nishant sharma,https://play-lh.googleusercontent.com/a-/AFdZuco_c9twU8kW4TY3GtBLGOVckWoObkqIv1UWJxwv2w,This app is very helpful it helps to done my homework so I gave five stars,5,0,This app is very helpful it helps to done my homework so I gave five stars,1,0,0,0,0,0
ee8e107d-5670-471f-b0b8-31f7eb968f66,Sushma Kumari,https://play-lh.googleusercontent.com/a/AItbvmmc2knFV7uMamJ6d0xgawLCuYwy0oaHCzdG5iUu=mo,Aapka app bahut bekar hai ye jaldi load nahi ho raha hai ??,1,0,Aapka app bahut bekar hai ye jaldi load nahi ho raha hai,0,0,1,0,0,0
5d032915-6071-4ce6-bc21-c6812e1d13a2,Dinesh Sah,https://play-lh.googleusercontent.com/a-/AFdZucr08f2y084U26w6BaGHVYwTux7Dyzy3w_qQbJkDmg,This is a great platform to learn more about languages.,5,0,This is a great platform to learn more about languages.,1,0,0,0,0,0
205925e5-b097-4e39-8246-36626d1422ec,Vicky Maury,https://play-lh.googleusercontent.com/a/AItbvmmYz0QTCBXUlpBjbEYST5Pj9BHPviWT_t83onC0=mo,"Sir, app very useful h lekin isme download kerne ka option nhi h",3,0,"Sir, app very useful but there is no option to download",0,0,0,0,0,1
53959540-f758-44e6-b8bc-609fcb8c924d,Yogi Up,https://play-lh.googleusercontent.com/a-/AFdZucqz0uHypW2V5jGEE2ddUz7v76YaZ2oUtZDj0DQL,This is an perfect app to learn english,5,1,This is an perfect app to learn english,1,0,0,0,0,0
0d6610bb-cef6-4f1a-bc3d-5f61a01c00cc,Waseeq Ahmad,https://play-lh.googleusercontent.com/a/AItbvmmKenAgomi0cvea1pegmo6NLJ4c0kEHJisUtCf7=mo,Bhut dheere dheere chlta hai kuch sudhar kijiye,1,0,"moves very slowly, make some improvements",0,0,1,0,0,0
0521b7bc-8457-4626-ad6b-a167d7e6cae0,Feroz Shaikh,https://play-lh.googleusercontent.com/a-/AFdZucoyuV6tcbwBNPNktcM9erKIXb_BqskrwsLPpNxl7w,It's really helpful to learn new things,5,0,It's really helpful to learn new things,1,0,0,0,0,0
bc984574-e0d4-4ab7-b10b-cec32d786a81,Shikash sur sangam,https://play-lh.googleusercontent.com/a-/AFdZucrdVRCuoHdGsQXiDGkiofsVDkH9AxKqAEkYe1TU,For beautiful app for for just Hindi to English and Hindi and English to Hindi forever with the help,5,0,For beautiful app for for just Hindi to English and Hindi and English to Hindi forever with the help,1,1,0,0,0,0
5e9245a9-409f-4b59-8893-b6ae52e83602,_Yor_ Prime_,https://play-lh.googleusercontent.com/a-/AFdZucpQcPswg5dHSa6UQz5spr8AXtY5VvzjvKkg648F,Just Say Lol..App ? offline Trslates Ho hi nahi raha ?,1,0,Just Say Lol..App offline Trslates Ho hi nahi raha,0,0,0,1,0,1
69ced3df-1ff0-4cc7-9f34-81e9c7b786b6,Hari Banna,https://play-lh.googleusercontent.com/a/AItbvmkn6N2wu5NGpPRdcz5KYb8Xbo8kQJY7c9YeyavB=mo,Offline not working,1,0,Offline not working,0,0,0,1,0,1
ffa496ec-e7b1-40a7-9c33-67760fd8ad98,sushma gautam,https://play-lh.googleusercontent.com/a-/AFdZucqHEVqONLdqSMgpNHKu9tQDG23W48xehZY2PivQgw,After dowloading this app ..it is show please update this app....So now its Not working,1,1,After downloading this app ..it is show please update this app....So now its Not working,0,0,1,1,0,0
3306eaba-7ffc-44bc-93f8-ac1bf730289a,SAMIR Khan,https://play-lh.googleusercontent.com/a-/AFdZucrSr0oplCmerp6Vdqqxe0qbRwbccqX7zLZMDnhTrg,great app great fun learning english,4,0,great app great fun learning english,1,1,0,0,0,0
0dcfd72d-3c1b-44bb-ac5a-999c615dca7b,SMF Trader,https://play-lh.googleusercontent.com/a/AItbvmmgSpW59sHQDo5J3kc_N-hgzx2bFlx1TcWvYMb4=mo,It's very good app only one problem when I read books using this app in my Tablet it's not support Landscape mode... Please work on it bcoz in portrate mode words is shown small..,5,111,It's very good app only one problem when I read books using this app in my Tablet it's not support Landscape mode... Please work on it bcoz in portrate mode words is shown small..,0,0,0,1,0,1
945dee51-2dec-4558-b226-6f21ce16a57c,amit patidar,https://play-lh.googleusercontent.com/a-/AFdZucpZBACTa8N64IUII78FrbWUGGP3wwhR5aJZSQEu,"Very very bed experience. Too many advertisements,,i am trying translate some words like Rasping... i don't get any translation.",1,1,"Very very bed experience. Too many advertisements,,i am trying translate some words like Rasping... i don't get any translation.",0,1,1,0,0,0
74b40747-fcf9-42f4-acc3-fcc370c6b3b2,Kamala Thapa,https://play-lh.googleusercontent.com/a/AItbvmmYwImIn9yQmJ-9jfRMUFljhXSOWGjM3x5gMxs7=mo,Very good dictionary app,5,0,Very good dictionary app,1,0,0,0,0,0
6128c2c0-5418-43c4-8960-0e61b547186f,Santosh Kumar,https://play-lh.googleusercontent.com/a/AItbvmnWWMNMH6gVjQEyZDXa-PJr-I_VtnWx2yyCMrM6=mo,Best translate,5,0,Best translate,1,0,0,0,0,0
544b0297-8cbe-4133-a517-b786ba395f3b,Psycho Astronaut,https://play-lh.googleusercontent.com/a-/AFdZucrtgz9DuxQfx-j5ZCrdKXD5EIK7Rj5pthLV4DtE4w,Your translation is horrible and Hilarious at the same time couldn't even translate a simple sentence correctly stop missguiding people and work on your faults,2,1,Your translation is horrible and Hilarious at the same time couldn't even translate a simple sentence correctly stop missguiding people and work on your faults,1,0,1,0,0,0
dcd3c9ba-a4e0-49bf-b002-e8b1a0f4b294,GAURAV GAURAV,https://play-lh.googleusercontent.com/a/AItbvmnSz5FGTdPWISo8TZ61Jt87VSPCntBfvuyNOvla=mo,This translate is amazing ????????,5,0,This translate is amazing ????????,1,0,0,0,0,0
473c1d95-8e70-4f51-ac23-94524ce59719,Sunita Srivastava,https://play-lh.googleusercontent.com/a/AItbvmnaFb_Yu1DkXrV3n6pYTuGX77zXpJ2U2304I5Su=mo,Very good app I like this app this is a very good Translator app and also a very good learning app,5,0,Very good app I like this app this is a very good Translator app and also a very good learning app,1,0,0,0,0,0
fcee4adf-104d-45ea-908b-3e305aac0306,RAFIK KHAN,https://play-lh.googleusercontent.com/a/AItbvmlPHWYo0pJJj-sJyIrI6soiFgZIvufpgbsibTT-=mo,Good app for learn English,5,0,Good app for learn English,1,0,0,0,0,0
30ea8f2a-417d-40e5-be29-e7c8d33a045e,Arpita Prakash,https://play-lh.googleusercontent.com/a-/AFdZucpw6wGAWRAA9c52uyccWJxayOY2CTp9UUMfKMAwfg,Good but ads too much,3,0,Good but ads too much,0,1,0,0,0,0
3df4a197-8990-4c69-bfb8-a20c97ee4ce1,suraj Kumar,https://play-lh.googleusercontent.com/a-/AFdZucrHVFyHVzC7XxVZQqs-RvHdvwboB0RNM1kaojpavlw,Nice But this is not offline app It work with internet,4,0,Nice But this is not offline app It work with internet,1,0,0,0,0,1
95a3c11f-c2e9-4f51-8579-9b3c1f403ea0,Niya Thasee,https://play-lh.googleusercontent.com/a/AItbvmnrXgPMZwilDn6QhSJM-2-tEOCsuz4N1KitFYfS=mo,Good one. Easy to use,4,0,Good one. Easy to use,0,1,0,0,0,0
b2a356c6-c7de-4fc2-ba7b-f2bb178da145,Komal Meena,https://play-lh.googleusercontent.com/a/AItbvmmqTHse1q-T0G6CXOeo_MxanqtXnM-0R2GMR2iM=mo,???? ????? ?? ?? ??? ??????? ???? ???? ???? ???? ?? ????,1,14,Very useless but don't spoil your data by downloading it,0,1,0,0,0,0
2bb6d424-7db4-4bc0-a5fb-848a3e3a53d4,Diya Saini,https://play-lh.googleusercontent.com/a/AItbvml979h2DSmrE5Ci_L2-EsmbV_gMLPY5_hXGBgpm=mo,"I gave four stars because it does not work offline, what is the use of online and Google translate also works online.",4,0,"I gave four stars because it does not work offline, what is the use of online and Google translate also works online.",1,0,0,0,0,1
844e60e2-e5ff-45b4-b1d6-17cf73ee1267,deep on the beat,https://play-lh.googleusercontent.com/a-/AFdZucr25xhYugNiwanuwP7pNtw7C1uxgg28CVmDtqVqrA,The interface is simple and easy to use for bigneers .example of words are easy to understand and easy to lean otherlike Google translater which has more complex senstense so keep it up. ???,5,30,The interface is simple and easy to use for bigneers .example of words are easy to understand and easy to lean otherlike Google translater which has more complex senstense so keep it up. ???,1,1,0,0,0,0
a4a5d1e8-2061-4159-b604-4092fcb1d24f,sumit kumar,https://play-lh.googleusercontent.com/a-/AFdZucp0YyIqMFBrT4aYOhQf3Q7rBvLDdme6U4Yh2HtQ9Q,Very useful app.i use it several times in a day.thank you developers for making such type of application.............,4,0,Very useful app.i use it several times in a day.thank you developers for making such type of application.............,0,1,0,0,0,0
881392e8-6516-4090-af21-91296f44a509,Krushna Tayde,https://play-lh.googleusercontent.com/a-/AFdZuco6TjHHjFOwTsMmSvqTtK7fgm9Ama1zX-4xWJEwpA,Most easy,5,0,Most easy,0,1,0,0,0,0
28867cc9-b432-413c-a2c6-b1e38f458af6,Ajay kumar Mishra,https://play-lh.googleusercontent.com/a/AItbvmlTT7qZzg0Zvl-CIzIy68UOfJAJrWwj8wR4b3lq=mo,Best app for convert English to hindi translation. For official work and documents .,5,0,Best app for convert English to hindi translation. For official work and documents .,1,0,0,0,0,0
c6d47b30-f89e-4aeb-a06d-ffcfeb7fd937,Rama Kant,https://play-lh.googleusercontent.com/a/AItbvmm6CFVROBzt8vXremmCsBZyqNUEySlQQsXiFYtb=mo,Very good app satisfactory performance,3,0,Very good app satisfactory performance,0,0,1,0,0,0
01e4a5b6-46e1-4ed2-8c18-be74ac684736,Dilip Rahatgaonkar,https://play-lh.googleusercontent.com/a/AItbvmm6KYupKHsgN52GTHP3O7arwCqKSRg-S3W-jELg=mo,IT IS VERY - VERY USEFUL APP IN TRUE MEANINGS. I AM REALLY CORDIALLY HAPPY & SATISFIED .,5,0,IT IS VERY - VERY USEFUL APP IN TRUE MEANINGS. I AM REALLY CORDIALLY HAPPY & SATISFIED .,0,1,0,0,0,0
9b983a27-f841-4b54-91a8-abc30b63eacb,Kundan Sharma,https://play-lh.googleusercontent.com/a-/AFdZucqAgHAkL4Onho5HQyye5SFtvQ3iZsOywQMF4ghY,"I recommend personally, please download this app for your better peaking english , if you know fluent english then ignore it?",5,0,"I recommend personally, please download this app for your better peaking english , if you know fluent english then ignore it?",1,0,0,0,0,0
f1847336-cdf6-4302-9032-a4aa4aadf486,Smita Kumari,https://play-lh.googleusercontent.com/a/AItbvmlAzJVEo3sOBRbFBHwR71I6idoBJNunTiTQMNOl=mo,This app is so good for learning English ??,5,0,This app is so good for learning English ??,1,0,0,0,0,0
